driver_key,driver_code,driver_name,driver_number
1,NOR,Lando Norris,4
2,LEC,Charles Leclerc,16
3,VER,Max Verstappen,1
4,BEA,Oliver Bearman,87
5,PIA,Oscar Piastri,81
6,ANT,Kimi Antonelli,12
7,RUS,George Russell,63
8,HAM,Lewis Hamilton,44
9,OCO,Esteban Ocon,31
10,BOR,Gabriel Bortoleto,5
11,TSU,Yuki Tsunoda,22
12,ALB,Alexander Albon,23
13,HAD,Isack Hadjar,6
14,STR,Lance Stroll,18
15,GAS,Pierre Gasly,10
16,COL,Franco Colapinto,43
17,SAI,Carlos Sainz,55
18,ALO,Fernando Alonso,14
19,HUL,Nico Hulkenberg,27
20,LAW,Liam Lawson,30
